{
  "hash": "bfde3e3e",
  "configHash": "4b793470",
  "lockfileHash": "91945c8b",
  "browserHash": "cadc22f8",
  "optimized": {
    "@angular/common": {
      "src": "../../../../../node_modules/@angular/common/fesm2022/common.mjs",
      "file": "@angular_common.js",
      "fileHash": "710b0f51",
      "needsInterop": false
    },
    "@angular/common/http": {
      "src": "../../../../../node_modules/@angular/common/fesm2022/http.mjs",
      "file": "@angular_common_http.js",
      "fileHash": "d8f19008",
      "needsInterop": false
    },
    "@angular/core": {
      "src": "../../../../../node_modules/@angular/core/fesm2022/core.mjs",
      "file": "@angular_core.js",
      "fileHash": "b9e4a1fb",
      "needsInterop": false
    },
    "@angular/platform-browser": {
      "src": "../../../../../node_modules/@angular/platform-browser/fesm2022/platform-browser.mjs",
      "file": "@angular_platform-browser.js",
      "fileHash": "e1e60d1e",
      "needsInterop": false
    },
    "@angular/router": {
      "src": "../../../../../node_modules/@angular/router/fesm2022/router.mjs",
      "file": "@angular_router.js",
      "fileHash": "f7179886",
      "needsInterop": false
    }
  },
  "chunks": {
    "chunk-GZOYZB63": {
      "file": "chunk-GZOYZB63.js"
    },
    "chunk-35DTDBPT": {
      "file": "chunk-35DTDBPT.js"
    },
    "chunk-4XLXOCJG": {
      "file": "chunk-4XLXOCJG.js"
    },
    "chunk-YVWIMTHM": {
      "file": "chunk-YVWIMTHM.js"
    }
  }
}